library,feature,read_p50_wall_ms,read_p95_wall_ms,read_op_count,read_op_unit,read_p50_units_per_sec,write_p50_wall_ms,write_p95_wall_ms,write_op_count,write_op_unit,write_p50_units_per_sec,read_tail_ratio,write_tail_ratio,confidence_note,regression_status
openpyxl,cell_values,1.295583,1.621833,,,,1.292083,1.513917,,,,0.2518,0.1717,high,no_history
xlsxwriter,cell_values,,,,,,1.698167,1.996917,,,,,0.1759,ok,no_history
python-calamine,cell_values,0.651916,0.661667,,,,,,,,,0.015,,ok,no_history
wolfxl,cell_values,0.685292,0.73575,,,,0.592375,0.665333,,,,0.0736,0.1232,ok,no_history
pylightxl,cell_values,1.316834,1.326959,,,,,,,,,0.0077,,ok,no_history
xlrd,cell_values,,,,,,,,,,,,,ok,no_history
pyexcel,cell_values,1.489666,1.517041,,,,,,,,,0.0184,,ok,no_history
xlwt,cell_values,,,,,,0.27525,0.327459,,,,,0.1897,ok,no_history
pandas,cell_values,1.774667,1.932417,,,,1.574416,1.8545,,,,0.0889,0.1779,ok,no_history
xlsxwriter-constmem,cell_values,,,,,,1.734,2.034292,,,,,0.1732,ok,no_history
openpyxl-readonly,cell_values,5.917875,6.168166,,,,,,,,,0.0423,,ok,no_history
polars,cell_values,0.445666,0.715333,,,,,,,,,0.6051,,high,no_history
tablib,cell_values,1.427125,1.688208,,,,1.354042,1.445917,,,,0.1829,0.0679,ok,no_history
openpyxl,formulas,1.14075,1.193458,,,,1.4065,1.5935,,,,0.0462,0.133,ok,no_history
xlsxwriter,formulas,,,,,,1.605708,2.073583,,,,,0.2914,high,no_history
python-calamine,formulas,0.137958,0.144708,,,,,,,,,0.0489,,ok,no_history
wolfxl,formulas,0.634125,0.704375,,,,0.662209,0.732917,,,,0.1108,0.1068,ok,no_history
pylightxl,formulas,1.128709,1.187667,,,,0.255042,0.27875,,,,0.0522,0.093,ok,no_history
xlrd,formulas,,,,,,,,,,,,,ok,no_history
pyexcel,formulas,1.259459,1.31125,,,,1.452833,1.52025,,,,0.0411,0.0464,ok,no_history
xlwt,formulas,,,,,,0.28375,0.295292,,,,,0.0407,ok,no_history
pandas,formulas,1.587542,1.715125,,,,1.667208,1.76175,,,,0.0804,0.0567,ok,no_history
xlsxwriter-constmem,formulas,,,,,,1.765083,2.181833,,,,,0.2361,high,no_history
openpyxl-readonly,formulas,1.49125,1.560125,,,,,,,,,0.0462,,ok,no_history
polars,formulas,0.385208,0.469209,,,,,,,,,0.2181,,high,no_history
tablib,formulas,1.191542,1.251042,,,,1.434083,1.662,,,,0.0499,0.1589,ok,no_history
openpyxl,text_formatting,1.718833,1.795833,,,,1.696709,1.815833,,,,0.0448,0.0702,ok,no_history
xlsxwriter,text_formatting,,,,,,1.987125,2.338333,,,,,0.1767,ok,no_history
python-calamine,text_formatting,0.078333,0.084041,,,,,,,,,0.0729,,ok,no_history
wolfxl,text_formatting,0.849959,0.908917,,,,0.661,0.743875,,,,0.0694,0.1254,ok,no_history
pylightxl,text_formatting,1.491541,1.528167,,,,,,,,,0.0246,,ok,no_history
xlrd,text_formatting,,,,,,,,,,,,,ok,no_history
pyexcel,text_formatting,1.779625,1.823084,,,,,,,,,0.0244,,ok,no_history
xlwt,text_formatting,,,,,,0.359042,0.387041,,,,,0.078,ok,no_history
pandas,text_formatting,2.011375,2.115166,,,,1.571333,1.842125,,,,0.0516,0.1723,ok,no_history
xlsxwriter-constmem,text_formatting,,,,,,1.998917,2.220125,,,,,0.1107,ok,no_history
openpyxl-readonly,text_formatting,1.45725,1.479083,,,,,,,,,0.015,,ok,no_history
polars,text_formatting,0.252375,0.302541,,,,,,,,,0.1988,,ok,no_history
tablib,text_formatting,1.780709,1.858459,,,,1.33225,1.433208,,,,0.0437,0.0758,ok,no_history
openpyxl,background_colors,1.008583,1.023208,,,,1.297208,1.43425,,,,0.0145,0.1056,ok,no_history
xlsxwriter,background_colors,,,,,,1.758833,2.271375,,,,,0.2914,high,no_history
python-calamine,background_colors,0.054625,0.060459,,,,,,,,,0.1068,,ok,no_history
wolfxl,background_colors,0.590833,0.647458,,,,0.5305,0.597166,,,,0.0958,0.1257,ok,no_history
pylightxl,background_colors,0.935208,0.947958,,,,,,,,,0.0136,,ok,no_history
xlrd,background_colors,,,,,,,,,,,,,ok,no_history
pyexcel,background_colors,1.077833,1.106792,,,,,,,,,0.0269,,ok,no_history
xlwt,background_colors,,,,,,0.230167,0.361833,,,,,0.572,high,no_history
pandas,background_colors,1.26425,1.357917,,,,1.440875,1.621125,,,,0.0741,0.1251,ok,no_history
xlsxwriter-constmem,background_colors,,,,,,1.673292,1.965875,,,,,0.1749,ok,no_history
openpyxl-readonly,background_colors,0.8755,0.942834,,,,,,,,,0.0769,,ok,no_history
polars,background_colors,0.22675,0.265541,,,,,,,,,0.1711,,ok,no_history
tablib,background_colors,1.035,1.051542,,,,1.192709,1.230792,,,,0.016,0.0319,ok,no_history
openpyxl,number_formats,1.03475,1.0595,,,,1.271458,1.405125,,,,0.0239,0.1051,ok,no_history
xlsxwriter,number_formats,,,,,,1.582542,1.891417,,,,,0.1952,ok,no_history
python-calamine,number_formats,0.0565,0.061958,,,,,,,,,0.0966,,ok,no_history
wolfxl,number_formats,0.607959,0.666875,,,,0.533875,0.5675,,,,0.0969,0.063,ok,no_history
pylightxl,number_formats,0.940583,1.018417,,,,,,,,,0.0828,,ok,no_history
xlrd,number_formats,,,,,,,,,,,,,ok,no_history
pyexcel,number_formats,1.094625,1.19225,,,,,,,,,0.0892,,ok,no_history
xlwt,number_formats,,,,,,0.223542,0.282084,,,,,0.2619,high,no_history
pandas,number_formats,1.270625,1.297209,,,,1.394167,1.448208,,,,0.0209,0.0388,ok,no_history
xlsxwriter-constmem,number_formats,,,,,,1.702,2.065,,,,,0.2133,high,no_history
openpyxl-readonly,number_formats,0.874792,0.924,,,,,,,,,0.0563,,ok,no_history
polars,number_formats,0.2355,0.303958,,,,,,,,,0.2907,,high,no_history
tablib,number_formats,1.048709,1.109542,,,,1.178709,1.352667,,,,0.058,0.1476,ok,no_history
openpyxl,alignment,1.210209,1.253291,,,,1.364209,1.418666,,,,0.0356,0.0399,ok,no_history
xlsxwriter,alignment,,,,,,1.797166,2.173375,,,,,0.2093,high,no_history
python-calamine,alignment,0.049,0.054542,,,,,,,,,0.1131,,ok,no_history
wolfxl,alignment,0.674625,0.726292,,,,0.553792,0.687375,,,,0.0766,0.2412,high,no_history
pylightxl,alignment,,,,,,,,,,,,,ok,no_history
xlrd,alignment,,,,,,,,,,,,,ok,no_history
pyexcel,alignment,1.265542,1.286041,,,,,,,,,0.0162,,ok,no_history
xlwt,alignment,,,,,,0.235333,0.364125,,,,,0.5473,high,no_history
pandas,alignment,1.4425,1.512375,,,,1.438292,1.591291,,,,0.0484,0.1064,ok,no_history
xlsxwriter-constmem,alignment,,,,,,1.717958,2.156,,,,,0.255,high,no_history
openpyxl-readonly,alignment,0.967667,1.008166,,,,,,,,,0.0419,,ok,no_history
polars,alignment,0.247834,0.307125,,,,,,,,,0.2392,,high,no_history
tablib,alignment,1.243333,1.292291,,,,1.219416,1.357084,,,,0.0394,0.1129,ok,no_history
openpyxl,borders,1.851166,1.996583,,,,2.148,2.443375,,,,0.0786,0.1375,ok,no_history
xlsxwriter,borders,,,,,,2.19225,2.621583,,,,,0.1958,ok,no_history
python-calamine,borders,0.064792,0.067959,,,,,,,,,0.0489,,ok,no_history
wolfxl,borders,1.029292,1.056125,,,,0.818667,0.868708,,,,0.0261,0.0611,ok,no_history
pylightxl,borders,,,,,,,,,,,,,ok,no_history
xlrd,borders,,,,,,,,,,,,,ok,no_history
pyexcel,borders,1.792042,2.268625,,,,,,,,,0.2659,,high,no_history
xlwt,borders,,,,,,0.429833,0.576917,,,,,0.3422,high,no_history
pandas,borders,2.045208,2.31975,,,,1.592667,1.785792,,,,0.1342,0.1213,ok,no_history
xlsxwriter-constmem,borders,,,,,,2.320666,2.620542,,,,,0.1292,ok,no_history
openpyxl-readonly,borders,1.311834,1.405208,,,,,,,,,0.0712,,ok,no_history
polars,borders,0.264417,0.317834,,,,,,,,,0.202,,high,no_history
tablib,borders,1.801709,2.155625,,,,1.365459,1.549208,,,,0.1964,0.1346,ok,no_history
openpyxl,dimensions,0.954209,0.967208,,,,1.158417,1.289333,,,,0.0136,0.113,ok,no_history
xlsxwriter,dimensions,,,,,,1.412916,1.816791,,,,,0.2858,high,no_history
python-calamine,dimensions,0.0565,0.060042,,,,,,,,,0.0627,,ok,no_history
wolfxl,dimensions,0.549667,0.597334,,,,0.517333,0.710333,,,,0.0867,0.3731,high,no_history
pylightxl,dimensions,0.902833,0.911125,,,,,,,,,0.0092,,ok,no_history
xlrd,dimensions,,,,,,,,,,,,,ok,no_history
pyexcel,dimensions,1.046333,1.069417,,,,,,,,,0.0221,,ok,no_history
xlwt,dimensions,,,,,,0.160583,0.35875,,,,,1.234,high,no_history
pandas,dimensions,1.246792,1.318417,,,,1.295792,1.431834,,,,0.0574,0.105,ok,no_history
xlsxwriter-constmem,dimensions,,,,,,1.714167,2.02075,,,,,0.1789,ok,no_history
openpyxl-readonly,dimensions,0.810333,0.941542,,,,,,,,,0.1619,,ok,no_history
polars,dimensions,0.334625,0.460125,,,,,,,,,0.375,,high,no_history
tablib,dimensions,0.984958,1.0065,,,,1.157625,1.278417,,,,0.0219,0.1043,ok,no_history
openpyxl,multiple_sheets,1.279792,1.325958,,,,1.752166,1.948583,,,,0.0361,0.1121,ok,no_history
xlsxwriter,multiple_sheets,,,,,,1.973709,2.705,,,,,0.3705,high,no_history
python-calamine,multiple_sheets,0.057084,0.061917,,,,,,,,,0.0847,,ok,no_history
wolfxl,multiple_sheets,0.5245,0.584667,,,,0.570917,0.622584,,,,0.1147,0.0905,ok,no_history
pylightxl,multiple_sheets,1.307042,1.3195,,,,0.307584,0.413542,,,,0.0095,0.3445,high,no_history
xlrd,multiple_sheets,,,,,,,,,,,,,ok,no_history
pyexcel,multiple_sheets,1.403,1.537958,,,,1.716084,1.955125,,,,0.0962,0.1393,ok,no_history
xlwt,multiple_sheets,,,,,,0.195667,0.20525,,,,,0.049,ok,no_history
pandas,multiple_sheets,1.791625,1.871708,,,,2.083083,2.265958,,,,0.0447,0.0878,ok,no_history
xlsxwriter-constmem,multiple_sheets,,,,,,2.068,2.544333,,,,,0.2303,high,no_history
openpyxl-readonly,multiple_sheets,1.008292,1.03775,,,,,,,,,0.0292,,ok,no_history
polars,multiple_sheets,0.507375,0.6195,,,,,,,,,0.221,,high,no_history
tablib,multiple_sheets,1.347791,1.474833,,,,1.693209,1.888458,,,,0.0943,0.1153,ok,no_history
openpyxl,merged_cells,1.238166,1.266459,,,,1.329041,1.588166,,,,0.0229,0.195,ok,no_history
xlsxwriter,merged_cells,,,,,,1.645167,2.097417,,,,,0.2749,high,no_history
python-calamine,merged_cells,0.0565,0.061708,,,,,,,,,0.0922,,ok,no_history
wolfxl,merged_cells,0.819375,0.872292,,,,0.542584,0.574125,,,,0.0646,0.0581,ok,no_history
pylightxl,merged_cells,0.954917,0.965833,,,,,,,,,0.0114,,ok,no_history
xlrd,merged_cells,,,,,,,,,,,,,ok,no_history
pyexcel,merged_cells,1.308917,1.357417,,,,,,,,,0.0371,,ok,no_history
xlwt,merged_cells,,,,,,0.202041,0.358417,,,,,0.774,high,no_history
pandas,merged_cells,1.315375,1.341375,,,,1.430459,1.610917,,,,0.0198,0.1262,ok,no_history
xlsxwriter-constmem,merged_cells,,,,,,1.597083,2.031208,,,,,0.2718,high,no_history
openpyxl-readonly,merged_cells,0.878917,0.9165,,,,,,,,,0.0428,,ok,no_history
polars,merged_cells,0.229958,0.290542,,,,,,,,,0.2635,,high,no_history
tablib,merged_cells,1.066875,1.085833,,,,1.15975,1.226375,,,,0.0178,0.0574,ok,no_history
openpyxl,conditional_formatting,1.37925,1.41875,,,,1.669708,1.805417,,,,0.0286,0.0813,ok,no_history
xlsxwriter,conditional_formatting,,,,,,1.677083,2.064875,,,,,0.2312,high,no_history
python-calamine,conditional_formatting,0.052209,0.054,,,,,,,,,0.0343,,ok,no_history
wolfxl,conditional_formatting,1.021667,1.083542,,,,0.613959,0.660959,,,,0.0606,0.0766,ok,no_history
pylightxl,conditional_formatting,,,,,,,,,,,,,ok,no_history
xlrd,conditional_formatting,,,,,,,,,,,,,ok,no_history
pyexcel,conditional_formatting,1.460333,1.501708,,,,,,,,,0.0283,,ok,no_history
xlwt,conditional_formatting,,,,,,,,,,,,,ok,no_history
pandas,conditional_formatting,1.757583,1.792791,,,,1.542834,1.710666,,,,0.02,0.1088,ok,no_history
xlsxwriter-constmem,conditional_formatting,,,,,,2.084541,2.483167,,,,,0.1912,ok,no_history
openpyxl-readonly,conditional_formatting,0.960708,0.976084,,,,,,,,,0.016,,ok,no_history
polars,conditional_formatting,0.368417,0.523375,,,,,,,,,0.4206,,high,no_history
tablib,conditional_formatting,1.449667,1.627333,,,,1.400791,1.466416,,,,0.1226,0.0468,ok,no_history
openpyxl,data_validation,1.206292,1.360875,,,,1.222709,1.281625,,,,0.1281,0.0482,ok,no_history
xlsxwriter,data_validation,,,,,,1.510291,1.867417,,,,,0.2365,high,no_history
python-calamine,data_validation,0.05025,0.052458,,,,,,,,,0.0439,,ok,no_history
wolfxl,data_validation,0.593541,0.649792,,,,0.534875,0.588417,,,,0.0948,0.1001,ok,no_history
pylightxl,data_validation,,,,,,,,,,,,,ok,no_history
xlrd,data_validation,,,,,,,,,,,,,ok,no_history
pyexcel,data_validation,1.321958,1.343916,,,,,,,,,0.0166,,ok,no_history
xlwt,data_validation,,,,,,,,,,,,,ok,no_history
pandas,data_validation,1.643166,1.761542,,,,1.268125,1.418542,,,,0.072,0.1186,ok,no_history
xlsxwriter-constmem,data_validation,,,,,,1.600959,1.922458,,,,,0.2008,high,no_history
openpyxl-readonly,data_validation,0.899917,0.94075,,,,,,,,,0.0454,,ok,no_history
polars,data_validation,0.475334,0.627916,,,,,,,,,0.321,,high,no_history
tablib,data_validation,1.294083,1.323792,,,,1.1295,1.22975,,,,0.023,0.0888,ok,no_history
openpyxl,hyperlinks,1.19,1.214291,,,,1.259292,1.40775,,,,0.0204,0.1179,ok,no_history
xlsxwriter,hyperlinks,,,,,,1.746625,1.941666,,,,,0.1117,ok,no_history
python-calamine,hyperlinks,0.048334,0.054042,,,,,,,,,0.1181,,ok,no_history
wolfxl,hyperlinks,1.146209,1.211,,,,0.544709,0.578375,,,,0.0565,0.0618,ok,no_history
pylightxl,hyperlinks,,,,,,,,,,,,,ok,no_history
xlrd,hyperlinks,,,,,,,,,,,,,ok,no_history
pyexcel,hyperlinks,1.276541,1.389958,,,,,,,,,0.0888,,ok,no_history
xlwt,hyperlinks,,,,,,,,,,,,,ok,no_history
pandas,hyperlinks,1.545292,1.558584,,,,1.277125,1.438083,,,,0.0086,0.126,ok,no_history
xlsxwriter-constmem,hyperlinks,,,,,,1.815458,2.13425,,,,,0.1756,ok,no_history
openpyxl-readonly,hyperlinks,0.883166,0.975958,,,,,,,,,0.1051,,ok,no_history
polars,hyperlinks,0.374083,0.475792,,,,,,,,,0.2719,,high,no_history
tablib,hyperlinks,1.223417,1.260166,,,,1.13725,1.245792,,,,0.03,0.0954,ok,no_history
openpyxl,images,1.629833,2.130834,,,,1.619833,1.817292,,,,0.3074,0.1219,high,no_history
xlsxwriter,images,,,,,,2.485958,2.888125,,,,,0.1618,ok,no_history
python-calamine,images,0.049041,0.053666,,,,,,,,,0.0943,,ok,no_history
wolfxl,images,0.866375,0.912583,,,,0.688833,0.728625,,,,0.0533,0.0578,ok,no_history
pylightxl,images,,,,,,,,,,,,,ok,no_history
xlrd,images,,,,,,,,,,,,,ok,no_history
pyexcel,images,1.208083,1.260875,,,,,,,,,0.0437,,ok,no_history
xlwt,images,,,,,,,,,,,,,ok,no_history
pandas,images,1.157958,1.256791,,,,1.261167,1.448375,,,,0.0854,0.1484,ok,no_history
xlsxwriter-constmem,images,,,,,,1.474334,2.008,,,,,0.362,high,no_history
openpyxl-readonly,images,0.788333,0.821167,,,,,,,,,0.0416,,ok,no_history
polars,images,0.222167,0.258209,,,,,,,,,0.1622,,ok,no_history
tablib,images,0.936667,1.018333,,,,1.142584,1.190042,,,,0.0872,0.0415,ok,no_history
openpyxl,pivot_tables,0.814833,0.853917,,,,1.127166,1.2955,,,,0.048,0.1493,ok,no_history
xlsxwriter,pivot_tables,,,,,,1.581292,2.054458,,,,,0.2992,high,no_history
python-calamine,pivot_tables,0.05025,0.051084,,,,,,,,,0.0166,,ok,no_history
wolfxl,pivot_tables,0.470917,0.522708,,,,0.504791,0.551917,,,,0.11,0.0934,ok,no_history
pylightxl,pivot_tables,0.824041,0.841333,,,,0.221166,0.226709,,,,0.021,0.0251,ok,no_history
xlrd,pivot_tables,,,,,,,,,,,,,ok,no_history
pyexcel,pivot_tables,0.903625,0.962958,,,,1.21075,1.264333,,,,0.0657,0.0443,ok,no_history
xlwt,pivot_tables,,,,,,0.182083,0.186792,,,,,0.0259,ok,no_history
pandas,pivot_tables,1.157792,1.389166,,,,1.411292,1.805458,,,,0.1998,0.2793,high,no_history
xlsxwriter-constmem,pivot_tables,,,,,,1.685625,2.193958,,,,,0.3016,high,no_history
openpyxl-readonly,pivot_tables,0.740041,0.811084,,,,,,,,,0.096,,ok,no_history
polars,pivot_tables,0.226958,0.272375,,,,,,,,,0.2001,,high,no_history
tablib,pivot_tables,0.902042,0.931542,,,,1.189833,1.264667,,,,0.0327,0.0629,ok,no_history
openpyxl,comments,1.134875,1.207,,,,1.52925,1.750417,,,,0.0636,0.1446,ok,no_history
xlsxwriter,comments,,,,,,2.08,2.548875,,,,,0.2254,high,no_history
python-calamine,comments,0.063667,0.065708,,,,,,,,,0.0321,,ok,no_history
wolfxl,comments,1.14,1.239417,,,,0.614,0.668833,,,,0.0872,0.0893,ok,no_history
pylightxl,comments,1.120875,1.139167,,,,,,,,,0.0163,,ok,no_history
xlrd,comments,,,,,,,,,,,,,ok,no_history
pyexcel,comments,1.147542,1.183875,,,,,,,,,0.0317,,ok,no_history
xlwt,comments,,,,,,,,,,,,,ok,no_history
pandas,comments,1.263459,1.374875,,,,1.241375,1.4015,,,,0.0882,0.129,ok,no_history
xlsxwriter-constmem,comments,,,,,,1.495208,1.83075,,,,,0.2244,high,no_history
openpyxl-readonly,comments,0.87075,0.902291,,,,,,,,,0.0362,,ok,no_history
polars,comments,0.236292,0.321208,,,,,,,,,0.3594,,high,no_history
tablib,comments,1.014208,1.072,,,,1.117542,1.171666,,,,0.057,0.0484,ok,no_history
openpyxl,freeze_panes,1.374334,1.797584,,,,1.905666,2.106208,,,,0.308,0.1052,high,no_history
xlsxwriter,freeze_panes,,,,,,1.879125,2.276791,,,,,0.2116,high,no_history
python-calamine,freeze_panes,0.051417,0.056917,,,,,,,,,0.107,,ok,no_history
wolfxl,freeze_panes,0.695291,0.751167,,,,0.740375,0.972334,,,,0.0804,0.3133,high,no_history
pylightxl,freeze_panes,,,,,,,,,,,,,ok,no_history
xlrd,freeze_panes,,,,,,,,,,,,,ok,no_history
pyexcel,freeze_panes,1.483708,1.855208,,,,,,,,,0.2504,,high,no_history
xlwt,freeze_panes,,,,,,0.208041,0.224833,,,,,0.0807,ok,no_history
pandas,freeze_panes,1.803084,1.903125,,,,2.073416,2.30275,,,,0.0555,0.1106,ok,no_history
xlsxwriter-constmem,freeze_panes,,,,,,2.1045,2.613042,,,,,0.2416,high,no_history
openpyxl-readonly,freeze_panes,0.983459,0.998875,,,,,,,,,0.0157,,ok,no_history
polars,freeze_panes,0.448584,0.59225,,,,,,,,,0.3203,,high,no_history
tablib,freeze_panes,1.401709,1.557625,,,,1.910625,2.111292,,,,0.1112,0.105,ok,no_history
openpyxl,named_ranges,1.110459,1.139333,,,,1.408083,1.472042,,,,0.026,0.0454,ok,no_history
xlsxwriter,named_ranges,,,,,,1.570792,1.989,,,,,0.2662,high,no_history
python-calamine,named_ranges,0.046583,0.0515,,,,,,,,,0.1056,,ok,no_history
wolfxl,named_ranges,0.485458,0.526375,,,,0.54175,0.568083,,,,0.0843,0.0486,ok,no_history
pylightxl,named_ranges,,,,,,0.232458,0.253541,,,,,0.0907,ok,no_history
xlrd,named_ranges,,,,,,,,,,,,,ok,no_history
pyexcel,named_ranges,1.242083,1.340917,,,,1.488375,4.763333,,,,0.0796,2.2004,high,no_history
xlwt,named_ranges,,,,,,0.15575,0.166875,,,,,0.0714,ok,no_history
pandas,named_ranges,1.572125,2.062875,,,,1.775708,2.037792,,,,0.3122,0.1476,high,no_history
xlsxwriter-constmem,named_ranges,,,,,,1.684583,2.174416,,,,,0.2908,high,no_history
openpyxl-readonly,named_ranges,0.870667,0.901417,,,,,,,,,0.0353,,ok,no_history
polars,named_ranges,0.365959,0.462,,,,,,,,,0.2624,,high,no_history
tablib,named_ranges,1.188875,1.212417,,,,1.358625,3.560375,,,,0.0198,1.6206,high,no_history
openpyxl,tables,1.442292,1.850875,,,,1.128875,1.295875,,,,0.2833,0.1479,high,no_history
xlsxwriter,tables,,,,,,1.4475,1.833041,,,,,0.2663,high,no_history
python-calamine,tables,0.050167,0.055542,,,,,,,,,0.1071,,ok,no_history
wolfxl,tables,0.519,0.557166,,,,0.488959,0.518417,,,,0.0735,0.0602,ok,no_history
pylightxl,tables,,,,,,0.211208,0.224292,,,,,0.0619,ok,no_history
xlrd,tables,,,,,,,,,,,,,ok,no_history
pyexcel,tables,1.811584,2.2325,,,,1.132083,1.196208,,,,0.2323,0.0566,high,no_history
xlwt,tables,,,,,,0.138959,0.149583,,,,,0.0765,ok,no_history
pandas,tables,1.682792,1.781709,,,,1.231125,1.29525,,,,0.0588,0.0521,ok,no_history
xlsxwriter-constmem,tables,,,,,,1.458375,1.788292,,,,,0.2262,high,no_history
openpyxl-readonly,tables,0.931875,0.94775,,,,,,,,,0.017,,ok,no_history
polars,tables,0.365458,0.54425,,,,,,,,,0.4892,,high,no_history
tablib,tables,1.399042,1.423625,,,,1.139792,1.201583,,,,0.0176,0.0542,ok,no_history